{
    "rmse": 0.6657282754349849,
    "mae": 0.5212015922147668,
    "r2": 0.23504787622241363
}